First Name,Surname,Email,Username ,Password,UserId,Date of birth
Liam,Olivia,liam.olivia@example.com,liam.olivia,a2pYuUXK,8848,06/06/1978
Noah,Emma,noah.emma@example.com,noah.emma,bWuAhX5y,3775,24/08/1978
Oliver,Ava,oliver.ava@example.com,oliver.ava,VNHRnwBJ,1545,25/06/1979
Elijah,Charlotte,elijah.charlotte@example.com,elijah.charlotte,YZW2tLgT,1114,13/07/1982
William,Sophia,william.sophia@example.com,william.sophia,uTzm3krd,8185,07/01/1985
James,Amelia,james.amelia@example.com,james.amelia,g7NdhNGk,9320,10/11/1986
Benjamin,Isabella,benjamin.isabella@example.com,benjamin.isabella,nMaDGbw6,3729,23/02/1989
Lucas,Mia,lucas.mia@example.com,lucas.mia,MxZMdxeY,6531,01/10/1990
Henry,Evelyn,henry.evelyn@example.com,henry.evelyn,LmjvLrgQ,5549,26/03/1991
Alexander,Harper,alexander.harper@example.com,alexander.harper,bSugFY4f,2042,15/04/1991
Mason,Camila,mason.camila@example.com,mason.camila,UFLA6c8S,9822,28/10/1991
Michael,Gianna,michael.gianna@example.com,michael.gianna,3bfTxgaP,9162,31/07/1992
Ethan,Abigail,ethan.abigail@example.com,ethan.abigail,c4bkvrQ2,9208,28/02/1997
Daniel,Luna,daniel.luna@example.com,daniel.luna,Sx2eKSzS,7627,18/07/1997
Jacob,Ella,jacob.ella@example.com,jacob.ella,a3zPuQUM,5241,06/04/1999
Logan,Elizabeth,logan.elizabeth@example.com,logan.elizabeth,MUXRcXHK,2396,25/05/1999
Jackson,Sofia,jackson.sofia@example.com,jackson.sofia,yAw3BwTR,4771,15/02/2000
Levi,Emily,levi.emily@example.com,levi.emily,eRwJ7zwz,9348,28/03/2000
Sebastian,Avery,sebastian.avery@example.com,sebastian.avery,hxQTugje,6582,23/04/2001
Mateo,Mila,mateo.mila@example.com,mateo.mila,hj5L8cup,7450,16/07/2002
Jack,Scarlett,jack.scarlett@example.com,jack.scarlett,qXtM4HvV,9781,02/07/2004
Owen,Eleanor,owen.eleanor@example.com,owen.eleanor,YgCA5Evt,3078,16/07/2004
Theodore,Madison,theodore.madison@example.com,theodore.madison,utQfw4Wy,2014,09/03/2006
Aiden,Layla,aiden.layla@example.com,aiden.layla,Mpzk4C7z,6294,07/08/2006
Samuel,Penelope,samuel.penelope@example.com,samuel.penelope,UCckQ2u6,9678,24/08/2007
Joseph,Aria,joseph.aria@example.com,joseph.aria,WeAqRrEL,3998,08/04/1975
John,Chloe,john.chloe@example.com,john.chloe,nzfjrnLn,9954,04/08/1978
David,Grace,david.grace@example.com,david.grace,qBtN9wTZ,7451,26/03/1979
Wyatt,Ellie,wyatt.ellie@example.com,wyatt.ellie,gWDKLRzb,7510,12/03/1981
Matthew,Nora,matthew.nora@example.com,matthew.nora,GuPq3zb2,1749,06/04/1981
Luke,Hazel,luke.hazel@example.com,luke.hazel,Ujt8j5EL,3859,28/10/1982
Asher,Zoey,asher.zoey@example.com,asher.zoey,8226d8nX,6252,29/09/1983
Carter,Riley,carter.riley@example.com,carter.riley,8a7hpjwE,3990,11/01/1984
Julian,Victoria,julian.victoria@example.com,julian.victoria,xXPEnqch,5696,08/02/1984
Grayson,Lily,grayson.lily@example.com,grayson.lily,UXFzBdPQ,4388,11/04/1984
Leo,Aurora,leo.aurora@example.com,leo.aurora,e7L3RzVM,3549,16/06/1992
Jayden,Violet,jayden.violet@example.com,jayden.violet,twKbGVPw,7153,12/10/1992
Gabriel,Nova,gabriel.nova@example.com,gabriel.nova,wMJDX7vV,3011,08/04/1994
Isaac,Hannah,isaac.hannah@example.com,isaac.hannah,EHdzfcHC,5948,04/10/1996
Lincoln,Emilia,lincoln.emilia@example.com,lincoln.emilia,YrzRE5wd,7449,31/03/1998
Anthony,Zoe,anthony.zoe@example.com,anthony.zoe,cjBvNw9S,5629,07/07/1998
Hudson,Stella,hudson.stella@example.com,hudson.stella,B69vvSAR,8080,15/10/1999
Dylan,Everly,dylan.everly@example.com,dylan.everly,thYKxThy,1836,18/10/1999
Ezra,Isla,ezra.isla@example.com,ezra.isla,Ka6WexuA,9043,25/02/2000
Thomas,Leah,thomas.leah@example.com,thomas.leah,FfTwVGS3,1414,19/04/2000
Charles,Lillian,charles.lillian@example.com,charles.lillian,k3mhKZUy,9041,17/09/2001
Christopher,Addison,christopher.addison@example.com,christopher.addison,yetrt58b,7017,20/01/2003
Jaxon,Willow,jaxon.willow@example.com,jaxon.willow,9heAQSkF,8483,06/02/2003
Maverick,Lucy,maverick.lucy@example.com,maverick.lucy,Q2ymV2hj,3767,10/06/2004
Josiah,Paisley,josiah.paisley@example.com,josiah.paisley,ASdLRya7,7697,02/05/2007